identifier,pkt,sample_idx,rssi,ant_array,channel,i,q
80:6F:B0:31:FB:AF,0,0,-76,1,5,55,-28
80:6F:B0:31:FB:AF,0,1,-76,1,5,-9,-32
80:6F:B0:31:FB:AF,0,2,-76,1,5,-41,34
80:6F:B0:31:FB:AF,0,3,-76,1,5,18,31
80:6F:B0:31:FB:AF,0,4,-76,1,5,17,-38
80:6F:B0:31:FB:AF,0,5,-76,1,5,-44,-33
80:6F:B0:31:FB:AF,0,6,-76,1,5,-31,32
80:6F:B0:31:FB:AF,0,7,-76,1,5,47,42
80:6F:B0:31:FB:AF,0,8,-76,1,5,-32,-30
80:6F:B0:31:FB:AF,0,9,-76,1,5,75,-14
80:6F:B0:31:FB:AF,0,10,-76,1,5,-45,32
80:6F:B0:31:FB:AF,0,11,-76,1,5,35,31
80:6F:B0:31:FB:AF,0,12,-76,1,5,-62,-17
80:6F:B0:31:FB:AF,0,13,-76,1,5,48,-16
80:6F:B0:31:FB:AF,0,14,-76,1,5,-43,-41
80:6F:B0:31:FB:AF,0,15,-76,1,5,49,5
80:6F:B0:31:FB:AF,0,16,-76,1,5,-68,22
80:6F:B0:31:FB:AF,0,17,-76,1,5,21,46
80:6F:B0:31:FB:AF,0,18,-76,1,5,-82,-16
80:6F:B0:31:FB:AF,0,19,-76,1,5,46,-7
80:6F:B0:31:FB:AF,0,20,-76,1,5,-40,-48
80:6F:B0:31:FB:AF,0,21,-76,1,5,47,9
80:6F:B0:31:FB:AF,0,22,-76,1,5,-68,24
80:6F:B0:31:FB:AF,0,23,-76,1,5,16,36
80:6F:B0:31:FB:AF,0,24,-76,1,5,-58,-21
80:6F:B0:31:FB:AF,0,25,-76,1,5,61,3
80:6F:B0:31:FB:AF,0,26,-76,1,5,-12,-54
80:6F:B0:31:FB:AF,0,27,-76,1,5,63,20
80:6F:B0:31:FB:AF,0,28,-76,1,5,-72,-5
80:6F:B0:31:FB:AF,0,29,-76,1,5,20,60
80:6F:B0:31:FB:AF,0,30,-76,1,5,-49,-32
80:6F:B0:31:FB:AF,0,31,-76,1,5,64,-9
80:6F:B0:31:FB:AF,0,32,-76,1,5,-29,-63
80:6F:B0:31:FB:AF,0,33,-76,1,5,69,43
80:6F:B0:31:FB:AF,0,34,-76,1,5,-48,0
80:6F:B0:31:FB:AF,0,35,-76,1,5,7,43
80:6F:B0:31:FB:AF,0,36,-76,1,5,-42,-43
80:6F:B0:31:FB:AF,0,37,-76,1,5,56,24
80:6F:B0:31:FB:AF,0,38,-76,1,5,-4,-65
80:6F:B0:31:FB:AF,0,39,-76,1,5,40,41
80:6F:B0:31:FB:AF,0,40,-76,1,5,-50,-9
80:6F:B0:31:FB:AF,0,41,-76,1,5,-1,54
80:6F:B0:31:FB:AF,0,42,-76,1,5,-51,-46
80:6F:B0:31:FB:AF,0,43,-76,1,5,58,36
80:6F:B0:31:FB:AF,0,44,-76,1,5,2,-54
80:6F:B0:31:FB:AF,0,45,-76,1,5,38,50
80:6F:B0:31:FB:AF,0,46,-76,1,5,-49,-12
80:6F:B0:31:FB:AF,0,47,-76,1,5,-1,68
80:6F:B0:31:FB:AF,0,48,-76,1,5,-33,-34
80:6F:B0:31:FB:AF,0,49,-76,1,5,61,22
80:6F:B0:31:FB:AF,0,50,-76,1,5,2,-52
80:6F:B0:31:FB:AF,0,51,-76,1,5,57,46
80:6F:B0:31:FB:AF,0,52,-76,1,5,-48,-13
80:6F:B0:31:FB:AF,0,53,-76,1,5,-15,51
80:6F:B0:31:FB:AF,0,54,-76,1,5,-38,-65
80:6F:B0:31:FB:AF,0,55,-76,1,5,50,18
80:6F:B0:31:FB:AF,0,56,-76,1,5,12,-47
80:6F:B0:31:FB:AF,0,57,-76,1,5,43,62
80:6F:B0:31:FB:AF,0,58,-76,1,5,-55,-32
80:6F:B0:31:FB:AF,0,59,-76,1,5,-13,42
80:6F:B0:31:FB:AF,0,60,-76,1,5,-37,-69
80:6F:B0:31:FB:AF,0,61,-76,1,5,42,49
80:6F:B0:31:FB:AF,0,62,-76,1,5,18,-43
80:6F:B0:31:FB:AF,0,63,-76,1,5,13,53
80:6F:B0:31:FB:AF,0,64,-76,1,5,-45,-32
80:6F:B0:31:FB:AF,0,65,-76,1,5,-15,49
80:6F:B0:31:FB:AF,0,66,-76,1,5,-34,-50
80:6F:B0:31:FB:AF,0,67,-76,1,5,51,44
80:6F:B0:31:FB:AF,0,68,-76,1,5,18,-49
80:6F:B0:31:FB:AF,0,69,-76,1,5,13,49
80:6F:B0:31:FB:AF,0,70,-76,1,5,-30,-59
80:6F:B0:31:FB:AF,0,71,-76,1,5,-28,31
80:6F:B0:31:FB:AF,0,72,-76,1,5,-4,-71
80:6F:B0:31:FB:AF,0,73,-76,1,5,31,43
80:6F:B0:31:FB:AF,0,74,-76,1,5,36,-34
80:6F:B0:31:FB:AF,0,75,-76,1,5,-1,55
80:6F:B0:31:FB:AF,0,76,-76,1,5,-26,-60
80:6F:B0:31:FB:AF,0,77,-76,1,5,-39,33
80:6F:B0:31:FB:AF,0,78,-76,1,5,1,-74
80:6F:B0:31:FB:AF,0,79,-76,1,5,17,66
80:6F:B0:31:FB:AF,0,80,-76,1,5,37,-34
80:6F:B0:31:FB:AF,0,81,-76,1,5,-22,64
80:6F:B0:31:FB:AF,1,0,-77,1,23,-21,86
80:6F:B0:31:FB:AF,1,1,-77,1,23,90,24
80:6F:B0:31:FB:AF,1,2,-77,1,23,20,-89
80:6F:B0:31:FB:AF,1,3,-77,1,23,-85,-22
80:6F:B0:31:FB:AF,1,4,-77,1,23,-28,86
80:6F:B0:31:FB:AF,1,5,-77,1,23,83,22
80:6F:B0:31:FB:AF,1,6,-77,1,23,20,-86
80:6F:B0:31:FB:AF,1,7,-77,1,23,-89,-24
80:6F:B0:31:FB:AF,1,8,-77,1,23,88,26
80:6F:B0:31:FB:AF,1,9,-77,1,23,-111,41
80:6F:B0:31:FB:AF,1,10,-77,1,23,45,-60
80:6F:B0:31:FB:AF,1,11,-77,1,23,-80,-29
80:6F:B0:31:FB:AF,1,12,-77,1,23,110,-38
80:6F:B0:31:FB:AF,1,13,-77,1,23,-52,52
80:6F:B0:31:FB:AF,1,14,-77,1,23,78,46
80:6F:B0:31:FB:AF,1,15,-77,1,23,-110,26
80:6F:B0:31:FB:AF,1,16,-77,1,23,49,-55
80:6F:B0:31:FB:AF,1,17,-77,1,23,-80,-42
80:6F:B0:31:FB:AF,1,18,-77,1,23,113,-30
80:6F:B0:31:FB:AF,1,19,-77,1,23,-41,61
80:6F:B0:31:FB:AF,1,20,-77,1,23,80,38
80:6F:B0:31:FB:AF,1,21,-77,1,23,-118,25
80:6F:B0:31:FB:AF,1,22,-77,1,23,44,-55
80:6F:B0:31:FB:AF,1,23,-77,1,23,-70,-50
80:6F:B0:31:FB:AF,1,24,-77,1,23,116,-12
80:6F:B0:31:FB:AF,1,25,-77,1,23,-52,46
80:6F:B0:31:FB:AF,1,26,-77,1,23,70,50
80:6F:B0:31:FB:AF,1,27,-77,1,23,-113,3
80:6F:B0:31:FB:AF,1,28,-77,1,23,58,-42
80:6F:B0:31:FB:AF,1,29,-77,1,23,-69,-51
80:6F:B0:31:FB:AF,1,30,-77,1,23,119,-8
80:6F:B0:31:FB:AF,1,31,-77,1,23,-53,42
80:6F:B0:31:FB:AF,1,32,-77,1,23,64,50
80:6F:B0:31:FB:AF,1,33,-77,1,23,-120,2
80:6F:B0:31:FB:AF,1,34,-77,1,23,56,-40
80:6F:B0:31:FB:AF,1,35,-77,1,23,-66,-56
80:6F:B0:31:FB:AF,1,36,-77,1,23,118,5
80:6F:B0:31:FB:AF,1,37,-77,1,23,-60,38
80:6F:B0:31:FB:AF,1,38,-77,1,23,56,65
80:6F:B0:31:FB:AF,1,39,-77,1,23,-120,-17
80:6F:B0:31:FB:AF,1,40,-77,1,23,65,-33
80:6F:B0:31:FB:AF,1,41,-77,1,23,-57,-66
80:6F:B0:31:FB:AF,1,42,-77,1,23,114,5
80:6F:B0:31:FB:AF,1,43,-77,1,23,-63,38
80:6F:B0:31:FB:AF,1,44,-77,1,23,59,65
80:6F:B0:31:FB:AF,1,45,-77,1,23,-119,-23
80:6F:B0:31:FB:AF,1,46,-77,1,23,62,-31
80:6F:B0:31:FB:AF,1,47,-77,1,23,-52,-72
80:6F:B0:31:FB:AF,1,48,-77,1,23,112,26
80:6F:B0:31:FB:AF,1,49,-77,1,23,-71,27
80:6F:B0:31:FB:AF,1,50,-77,1,23,49,70
80:6F:B0:31:FB:AF,1,51,-77,1,23,-116,-33
80:6F:B0:31:FB:AF,1,52,-77,1,23,69,-25
80:6F:B0:31:FB:AF,1,53,-77,1,23,-53,-71
80:6F:B0:31:FB:AF,1,54,-77,1,23,113,29
80:6F:B0:31:FB:AF,1,55,-77,1,23,-71,17
80:6F:B0:31:FB:AF,1,56,-77,1,23,44,74
80:6F:B0:31:FB:AF,1,57,-77,1,23,-113,-44
80:6F:B0:31:FB:AF,1,58,-77,1,23,68,-16
80:6F:B0:31:FB:AF,1,59,-77,1,23,-36,-78
80:6F:B0:31:FB:AF,1,60,-77,1,23,105,52
80:6F:B0:31:FB:AF,1,61,-77,1,23,-71,17
80:6F:B0:31:FB:AF,1,62,-77,1,23,36,72
80:6F:B0:31:FB:AF,1,63,-77,1,23,-108,-52
80:6F:B0:31:FB:AF,1,64,-77,1,23,69,-11
80:6F:B0:31:FB:AF,1,65,-77,1,23,-37,-83
80:6F:B0:31:FB:AF,1,66,-77,1,23,107,59
80:6F:B0:31:FB:AF,1,67,-77,1,23,-74,7
80:6F:B0:31:FB:AF,1,68,-77,1,23,18,80
80:6F:B0:31:FB:AF,1,69,-77,1,23,-97,-68
80:6F:B0:31:FB:AF,1,70,-77,1,23,70,6
80:6F:B0:31:FB:AF,1,71,-77,1,23,-15,-85
80:6F:B0:31:FB:AF,1,72,-77,1,23,95,68
80:6F:B0:31:FB:AF,1,73,-77,1,23,-71,0
80:6F:B0:31:FB:AF,1,74,-77,1,23,14,85
80:6F:B0:31:FB:AF,1,75,-77,1,23,-96,-73
80:6F:B0:31:FB:AF,1,76,-77,1,23,70,-5
80:6F:B0:31:FB:AF,1,77,-77,1,23,-24,-81
80:6F:B0:31:FB:AF,1,78,-77,1,23,95,74
80:6F:B0:31:FB:AF,1,79,-77,1,23,-75,-6
80:6F:B0:31:FB:AF,1,80,-77,1,23,4,90
80:6F:B0:31:FB:AF,1,81,-77,1,23,-79,-81
80:6F:B0:31:FB:AF,2,0,-80,1,32,-14,17
80:6F:B0:31:FB:AF,2,1,-80,1,32,76,32
80:6F:B0:31:FB:AF,2,2,-80,1,32,91,-56
80:6F:B0:31:FB:AF,2,3,-80,1,32,-1,-77
80:6F:B0:31:FB:AF,2,4,-80,1,32,-54,71
80:6F:B0:31:FB:AF,2,5,-80,1,32,41,11
80:6F:B0:31:FB:AF,2,6,-80,1,32,73,-68
80:6F:B0:31:FB:AF,2,7,-80,1,32,-11,-85
80:6F:B0:31:FB:AF,2,8,-80,1,32,30,-4
80:6F:B0:31:FB:AF,2,9,-80,1,32,-58,-46
80:6F:B0:31:FB:AF,2,10,-80,1,32,10,18
80:6F:B0:31:FB:AF,2,11,-80,1,32,6,-45
80:6F:B0:31:FB:AF,2,12,-80,1,32,92,34
80:6F:B0:31:FB:AF,2,13,-80,1,32,-66,5
80:6F:B0:31:FB:AF,2,14,-80,1,32,62,33
80:6F:B0:31:FB:AF,2,15,-80,1,32,-69,-43
80:6F:B0:31:FB:AF,2,16,-80,1,32,39,-6
80:6F:B0:31:FB:AF,2,17,-80,1,32,-8,-90
80:6F:B0:31:FB:AF,2,18,-80,1,32,59,32
80:6F:B0:31:FB:AF,2,19,-80,1,32,-7,-14
80:6F:B0:31:FB:AF,2,20,-80,1,32,47,77
80:6F:B0:31:FB:AF,2,21,-80,1,32,-91,-55
80:6F:B0:31:FB:AF,2,22,-80,1,32,66,-2
80:6F:B0:31:FB:AF,2,23,-80,1,32,0,-58
80:6F:B0:31:FB:AF,2,24,-80,1,32,80,42
80:6F:B0:31:FB:AF,2,25,-80,1,32,-48,4
80:6F:B0:31:FB:AF,2,26,-80,1,32,-23,90
80:6F:B0:31:FB:AF,2,27,-80,1,32,-39,-44
80:6F:B0:31:FB:AF,2,28,-80,1,32,15,5
80:6F:B0:31:FB:AF,2,29,-80,1,32,-21,-97
80:6F:B0:31:FB:AF,2,30,-80,1,32,39,53
80:6F:B0:31:FB:AF,2,31,-80,1,32,-72,-24
80:6F:B0:31:FB:AF,2,32,-80,1,32,-23,54
80:6F:B0:31:FB:AF,2,33,-80,1,32,-76,-56
80:6F:B0:31:FB:AF,2,34,-80,1,32,13,62
80:6F:B0:31:FB:AF,2,35,-80,1,32,11,-83
80:6F:B0:31:FB:AF,2,36,-80,1,32,51,49
80:6F:B0:31:FB:AF,2,37,-80,1,32,-50,-65
80:6F:B0:31:FB:AF,2,38,-80,1,32,0,20
80:6F:B0:31:FB:AF,2,39,-80,1,32,-25,-63
80:6F:B0:31:FB:AF,2,40,-80,1,32,68,40
80:6F:B0:31:FB:AF,2,41,-80,1,32,22,-45
80:6F:B0:31:FB:AF,2,42,-80,1,32,23,89
80:6F:B0:31:FB:AF,2,43,-80,1,32,-8,-56
80:6F:B0:31:FB:AF,2,44,-80,1,32,48,48
80:6F:B0:31:FB:AF,2,45,-80,1,32,-24,-110
80:6F:B0:31:FB:AF,2,46,-80,1,32,30,68
80:6F:B0:31:FB:AF,2,47,-80,1,32,-2,-92
80:6F:B0:31:FB:AF,2,48,-80,1,32,63,98
80:6F:B0:31:FB:AF,2,49,-80,1,32,-4,-15
80:6F:B0:31:FB:AF,2,50,-80,1,32,-17,19
80:6F:B0:31:FB:AF,2,51,-80,1,32,-10,-88
80:6F:B0:31:FB:AF,2,52,-80,1,32,-2,53
80:6F:B0:31:FB:AF,2,53,-80,1,32,-24,-51
80:6F:B0:31:FB:AF,2,54,-80,1,32,-3,109
80:6F:B0:31:FB:AF,2,55,-80,1,32,-25,-14
80:6F:B0:31:FB:AF,2,56,-80,1,32,-31,100
80:6F:B0:31:FB:AF,2,57,-80,1,32,-14,-54
80:6F:B0:31:FB:AF,2,58,-80,1,32,6,7
80:6F:B0:31:FB:AF,2,59,-80,1,32,-3,-100
80:6F:B0:31:FB:AF,2,60,-80,1,32,4,75
80:6F:B0:31:FB:AF,2,61,-80,1,32,8,-49
80:6F:B0:31:FB:AF,2,62,-80,1,32,-50,32
80:6F:B0:31:FB:AF,2,63,-80,1,32,14,-110
80:6F:B0:31:FB:AF,2,64,-80,1,32,-11,67
80:6F:B0:31:FB:AF,2,65,-80,1,32,55,-67
80:6F:B0:31:FB:AF,2,66,-80,1,32,20,110
80:6F:B0:31:FB:AF,2,67,-80,1,32,-38,-70
80:6F:B0:31:FB:AF,2,68,-80,1,32,-14,14
80:6F:B0:31:FB:AF,2,69,-80,1,32,17,-77
80:6F:B0:31:FB:AF,2,70,-80,1,32,-13,42
80:6F:B0:31:FB:AF,2,71,-80,1,32,-4,-91
80:6F:B0:31:FB:AF,2,72,-80,1,32,29,83
80:6F:B0:31:FB:AF,2,73,-80,1,32,15,-64
80:6F:B0:31:FB:AF,2,74,-80,1,32,-64,50
80:6F:B0:31:FB:AF,2,75,-80,1,32,6,-115
80:6F:B0:31:FB:AF,2,76,-80,1,32,-66,69
80:6F:B0:31:FB:AF,2,77,-80,1,32,-18,-20
80:6F:B0:31:FB:AF,2,78,-80,1,32,26,69
80:6F:B0:31:FB:AF,2,79,-80,1,32,-36,-6
80:6F:B0:31:FB:AF,2,80,-80,1,32,2,53
80:6F:B0:31:FB:AF,2,81,-80,1,32,31,-41
80:6F:B0:31:FB:AF,3,0,-75,1,13,-46,26
80:6F:B0:31:FB:AF,3,1,-75,1,13,21,47
80:6F:B0:31:FB:AF,3,2,-75,1,13,48,-17
80:6F:B0:31:FB:AF,3,3,-75,1,13,-16,-51
80:6F:B0:31:FB:AF,3,4,-75,1,13,-50,14
80:6F:B0:31:FB:AF,3,5,-75,1,13,19,50
80:6F:B0:31:FB:AF,3,6,-75,1,13,53,-26
80:6F:B0:31:FB:AF,3,7,-75,1,13,-22,-47
80:6F:B0:31:FB:AF,3,8,-75,1,13,17,48
80:6F:B0:31:FB:AF,3,9,-75,1,13,-71,-30
80:6F:B0:31:FB:AF,3,10,-75,1,13,55,-12
80:6F:B0:31:FB:AF,3,11,-75,1,13,-18,-54
80:6F:B0:31:FB:AF,3,12,-75,1,13,68,39
80:6F:B0:31:FB:AF,3,13,-75,1,13,-56,2
80:6F:B0:31:FB:AF,3,14,-75,1,13,9,50
80:6F:B0:31:FB:AF,3,15,-75,1,13,-61,-29
80:6F:B0:31:FB:AF,3,16,-75,1,13,58,-10
80:6F:B0:31:FB:AF,3,17,-75,1,13,-11,-45
80:6F:B0:31:FB:AF,3,18,-75,1,13,60,35
80:6F:B0:31:FB:AF,3,19,-75,1,13,-56,0
80:6F:B0:31:FB:AF,3,20,-75,1,13,18,50
80:6F:B0:31:FB:AF,3,21,-75,1,13,-64,-32
80:6F:B0:31:FB:AF,3,22,-75,1,13,50,2
80:6F:B0:31:FB:AF,3,23,-75,1,13,-9,-56
80:6F:B0:31:FB:AF,3,24,-75,1,13,65,30
80:6F:B0:31:FB:AF,3,25,-75,1,13,-63,2
80:6F:B0:31:FB:AF,3,26,-75,1,13,2,52
80:6F:B0:31:FB:AF,3,27,-75,1,13,-61,-48
80:6F:B0:31:FB:AF,3,28,-75,1,13,56,0
80:6F:B0:31:FB:AF,3,29,-75,1,13,-11,-52
80:6F:B0:31:FB:AF,3,30,-75,1,13,54,45
80:6F:B0:31:FB:AF,3,31,-75,1,13,-56,-1
80:6F:B0:31:FB:AF,3,32,-75,1,13,3,50
80:6F:B0:31:FB:AF,3,33,-75,1,13,-63,-46
80:6F:B0:31:FB:AF,3,34,-75,1,13,52,6
80:6F:B0:31:FB:AF,3,35,-75,1,13,-1,-50
80:6F:B0:31:FB:AF,3,36,-75,1,13,53,46
80:6F:B0:31:FB:AF,3,37,-75,1,13,-50,-6
80:6F:B0:31:FB:AF,3,38,-75,1,13,13,49
80:6F:B0:31:FB:AF,3,39,-75,1,13,-50,-49
80:6F:B0:31:FB:AF,3,40,-75,1,13,50,14
80:6F:B0:31:FB:AF,3,41,-75,1,13,0,-47
80:6F:B0:31:FB:AF,3,42,-75,1,13,59,52
80:6F:B0:31:FB:AF,3,43,-75,1,13,-56,-13
80:6F:B0:31:FB:AF,3,44,-75,1,13,-8,48
80:6F:B0:31:FB:AF,3,45,-75,1,13,-49,-55
80:6F:B0:31:FB:AF,3,46,-75,1,13,52,23
80:6F:B0:31:FB:AF,3,47,-75,1,13,0,-55
80:6F:B0:31:FB:AF,3,48,-75,1,13,49,57
80:6F:B0:31:FB:AF,3,49,-75,1,13,-60,-14
80:6F:B0:31:FB:AF,3,50,-75,1,13,-9,56
80:6F:B0:31:FB:AF,3,51,-75,1,13,-40,-64
80:6F:B0:31:FB:AF,3,52,-75,1,13,55,14
80:6F:B0:31:FB:AF,3,53,-75,1,13,13,-49
80:6F:B0:31:FB:AF,3,54,-75,1,13,49,66
80:6F:B0:31:FB:AF,3,55,-75,1,13,-48,-24
80:6F:B0:31:FB:AF,3,56,-75,1,13,-15,48
80:6F:B0:31:FB:AF,3,57,-75,1,13,-33,-67
80:6F:B0:31:FB:AF,3,58,-75,1,13,51,27
80:6F:B0:31:FB:AF,3,59,-75,1,13,15,-55
80:6F:B0:31:FB:AF,3,60,-75,1,13,35,66
80:6F:B0:31:FB:AF,3,61,-75,1,13,-44,-25
80:6F:B0:31:FB:AF,3,62,-75,1,13,-13,50
80:6F:B0:31:FB:AF,3,63,-75,1,13,-42,-66
80:6F:B0:31:FB:AF,3,64,-75,1,13,50,22
80:6F:B0:31:FB:AF,3,65,-75,1,13,19,-48
80:6F:B0:31:FB:AF,3,66,-75,1,13,39,70
80:6F:B0:31:FB:AF,3,67,-75,1,13,-39,-32
80:6F:B0:31:FB:AF,3,68,-75,1,13,-29,38
80:6F:B0:31:FB:AF,3,69,-75,1,13,-20,-72
80:6F:B0:31:FB:AF,3,70,-75,1,13,46,34
80:6F:B0:31:FB:AF,3,71,-75,1,13,23,-44
80:6F:B0:31:FB:AF,3,72,-75,1,13,26,68
80:6F:B0:31:FB:AF,3,73,-75,1,13,-49,-30
80:6F:B0:31:FB:AF,3,74,-75,1,13,-26,44
80:6F:B0:31:FB:AF,3,75,-75,1,13,-16,-72
80:6F:B0:31:FB:AF,3,76,-75,1,13,38,40
80:6F:B0:31:FB:AF,3,77,-75,1,13,26,-43
80:6F:B0:31:FB:AF,3,78,-75,1,13,17,71
80:6F:B0:31:FB:AF,3,79,-75,1,13,-41,-38
80:6F:B0:31:FB:AF,3,80,-75,1,13,-30,41
80:6F:B0:31:FB:AF,3,81,-75,1,13,-14,-72
80:6F:B0:31:FB:AF,4,0,-78,1,31,-77,22
80:6F:B0:31:FB:AF,4,1,-78,1,31,20,73
80:6F:B0:31:FB:AF,4,2,-78,1,31,71,-27
80:6F:B0:31:FB:AF,4,3,-78,1,31,-26,-74
80:6F:B0:31:FB:AF,4,4,-78,1,31,-73,31
80:6F:B0:31:FB:AF,4,5,-78,1,31,29,72
80:6F:B0:31:FB:AF,4,6,-78,1,31,74,-26
80:6F:B0:31:FB:AF,4,7,-78,1,31,-25,-75
80:6F:B0:31:FB:AF,4,8,-78,1,31,37,69
80:6F:B0:31:FB:AF,4,9,-78,1,31,-94,-51
80:6F:B0:31:FB:AF,4,10,-78,1,31,67,13
80:6F:B0:31:FB:AF,4,11,-78,1,31,-25,-73
80:6F:B0:31:FB:AF,4,12,-78,1,31,89,62
80:6F:B0:31:FB:AF,4,13,-78,1,31,-71,-10
80:6F:B0:31:FB:AF,4,14,-78,1,31,24,75
80:6F:B0:31:FB:AF,4,15,-78,1,31,-86,-56
80:6F:B0:31:FB:AF,4,16,-78,1,31,64,14
80:6F:B0:31:FB:AF,4,17,-78,1,31,-32,-74
80:6F:B0:31:FB:AF,4,18,-78,1,31,91,40
80:6F:B0:31:FB:AF,4,19,-78,1,31,-66,0
80:6F:B0:31:FB:AF,4,20,-78,1,31,39,61
80:6F:B0:31:FB:AF,4,21,-78,1,31,-94,-36
80:6F:B0:31:FB:AF,4,22,-78,1,31,63,1
80:6F:B0:31:FB:AF,4,23,-78,1,31,-27,-74
80:6F:B0:31:FB:AF,4,24,-78,1,31,92,45
80:6F:B0:31:FB:AF,4,25,-78,1,31,-76,-5
80:6F:B0:31:FB:AF,4,26,-78,1,31,30,69
80:6F:B0:31:FB:AF,4,27,-78,1,31,-84,-40
80:6F:B0:31:FB:AF,4,28,-78,1,31,70,16
80:6F:B0:31:FB:AF,4,29,-78,1,31,-32,-69
80:6F:B0:31:FB:AF,4,30,-78,1,31,89,55
80:6F:B0:31:FB:AF,4,31,-78,1,31,-68,-6
80:6F:B0:31:FB:AF,4,32,-78,1,31,36,69
80:6F:B0:31:FB:AF,4,33,-78,1,31,-90,-53
80:6F:B0:31:FB:AF,4,34,-78,1,31,70,0
80:6F:B0:31:FB:AF,4,35,-78,1,31,-41,-69
80:6F:B0:31:FB:AF,4,36,-78,1,31,94,33
80:6F:B0:31:FB:AF,4,37,-78,1,31,-67,-7
80:6F:B0:31:FB:AF,4,38,-78,1,31,44,65
80:6F:B0:31:FB:AF,4,39,-78,1,31,-95,-42
80:6F:B0:31:FB:AF,4,40,-78,1,31,67,10
80:6F:B0:31:FB:AF,4,41,-78,1,31,-37,-72
80:6F:B0:31:FB:AF,4,42,-78,1,31,100,32
80:6F:B0:31:FB:AF,4,43,-78,1,31,-70,1
80:6F:B0:31:FB:AF,4,44,-78,1,31,48,61
80:6F:B0:31:FB:AF,4,45,-78,1,31,-100,-21
80:6F:B0:31:FB:AF,4,46,-78,1,31,74,-7
80:6F:B0:31:FB:AF,4,47,-78,1,31,-47,-71
80:6F:B0:31:FB:AF,4,48,-78,1,31,98,36
80:6F:B0:31:FB:AF,4,49,-78,1,31,-73,1
80:6F:B0:31:FB:AF,4,50,-78,1,31,40,67
80:6F:B0:31:FB:AF,4,51,-78,1,31,-95,-43
80:6F:B0:31:FB:AF,4,52,-78,1,31,72,-6
80:6F:B0:31:FB:AF,4,53,-78,1,31,-35,-64
80:6F:B0:31:FB:AF,4,54,-78,1,31,88,51
80:6F:B0:31:FB:AF,4,55,-78,1,31,-69,5
80:6F:B0:31:FB:AF,4,56,-78,1,31,41,67
80:6F:B0:31:FB:AF,4,57,-78,1,31,-99,-25
80:6F:B0:31:FB:AF,4,58,-78,1,31,70,0
80:6F:B0:31:FB:AF,4,59,-78,1,31,-42,-67
80:6F:B0:31:FB:AF,4,60,-78,1,31,93,42
80:6F:B0:31:FB:AF,4,61,-78,1,31,-67,-4
80:6F:B0:31:FB:AF,4,62,-78,1,31,48,58
80:6F:B0:31:FB:AF,4,63,-78,1,31,-103,-33
80:6F:B0:31:FB:AF,4,64,-78,1,31,64,1
80:6F:B0:31:FB:AF,4,65,-78,1,31,-34,-67
80:6F:B0:31:FB:AF,4,66,-78,1,31,94,32
80:6F:B0:31:FB:AF,4,67,-78,1,31,-72,14
80:6F:B0:31:FB:AF,4,68,-78,1,31,53,58
80:6F:B0:31:FB:AF,4,69,-78,1,31,-102,-16
80:6F:B0:31:FB:AF,4,70,-78,1,31,69,-13
80:6F:B0:31:FB:AF,4,71,-78,1,31,-63,-55
80:6F:B0:31:FB:AF,4,72,-78,1,31,102,11
80:6F:B0:31:FB:AF,4,73,-78,1,31,-63,8
80:6F:B0:31:FB:AF,4,74,-78,1,31,40,59
80:6F:B0:31:FB:AF,4,75,-78,1,31,-95,-27
80:6F:B0:31:FB:AF,4,76,-78,1,31,64,-12
80:6F:B0:31:FB:AF,4,77,-78,1,31,-61,-62
80:6F:B0:31:FB:AF,4,78,-78,1,31,100,21
80:6F:B0:31:FB:AF,4,79,-78,1,31,-79,3
80:6F:B0:31:FB:AF,4,80,-78,1,31,49,68
80:6F:B0:31:FB:AF,4,81,-78,1,31,-100,-35
80:6F:B0:31:FB:AF,5,0,-75,1,12,24,51
80:6F:B0:31:FB:AF,5,1,-75,1,12,48,-26
80:6F:B0:31:FB:AF,5,2,-75,1,12,-27,-46
80:6F:B0:31:FB:AF,5,3,-75,1,12,-46,26
80:6F:B0:31:FB:AF,5,4,-75,1,12,22,55
80:6F:B0:31:FB:AF,5,5,-75,1,12,52,-22
80:6F:B0:31:FB:AF,5,6,-75,1,12,-24,-50
80:6F:B0:31:FB:AF,5,7,-75,1,12,-51,21
80:6F:B0:31:FB:AF,5,8,-75,1,12,51,-25
80:6F:B0:31:FB:AF,5,9,-75,1,12,-25,67
80:6F:B0:31:FB:AF,5,10,-75,1,12,-12,-54
80:6F:B0:31:FB:AF,5,11,-75,1,12,-51,21
80:6F:B0:31:FB:AF,5,12,-75,1,12,27,-64
80:6F:B0:31:FB:AF,5,13,-75,1,12,7,58
80:6F:B0:31:FB:AF,5,14,-75,1,12,46,-16
80:6F:B0:31:FB:AF,5,15,-75,1,12,-32,64
80:6F:B0:31:FB:AF,5,16,-75,1,12,-4,-55
80:6F:B0:31:FB:AF,5,17,-75,1,12,-50,14
80:6F:B0:31:FB:AF,5,18,-75,1,12,30,-62
80:6F:B0:31:FB:AF,5,19,-75,1,12,11,56
80:6F:B0:31:FB:AF,5,20,-75,1,12,52,-12
80:6F:B0:31:FB:AF,5,21,-75,1,12,-30,63
80:6F:B0:31:FB:AF,5,22,-75,1,12,1,-57
80:6F:B0:31:FB:AF,5,23,-75,1,12,-51,4
80:6F:B0:31:FB:AF,5,24,-75,1,12,43,-58
80:6F:B0:31:FB:AF,5,25,-75,1,12,-6,56
80:6F:B0:31:FB:AF,5,26,-75,1,12,53,-10
80:6F:B0:31:FB:AF,5,27,-75,1,12,-46,55
80:6F:B0:31:FB:AF,5,28,-75,1,12,3,-57
80:6F:B0:31:FB:AF,5,29,-75,1,12,-54,2
80:6F:B0:31:FB:AF,5,30,-75,1,12,34,-61
80:6F:B0:31:FB:AF,5,31,-75,1,12,0,58
80:6F:B0:31:FB:AF,5,32,-75,1,12,51,2
80:6F:B0:31:FB:AF,5,33,-75,1,12,-53,49
80:6F:B0:31:FB:AF,5,34,-75,1,12,15,-56
80:6F:B0:31:FB:AF,5,35,-75,1,12,-53,-4
80:6F:B0:31:FB:AF,5,36,-75,1,12,52,-49
80:6F:B0:31:FB:AF,5,37,-75,1,12,-12,56
80:6F:B0:31:FB:AF,5,38,-75,1,12,49,9
80:6F:B0:31:FB:AF,5,39,-75,1,12,-54,46
80:6F:B0:31:FB:AF,5,40,-75,1,12,13,-56
80:6F:B0:31:FB:AF,5,41,-75,1,12,-55,-8
80:6F:B0:31:FB:AF,5,42,-75,1,12,53,-45
80:6F:B0:31:FB:AF,5,43,-75,1,12,-21,53
80:6F:B0:31:FB:AF,5,44,-75,1,12,52,11
80:6F:B0:31:FB:AF,5,45,-75,1,12,-57,41
80:6F:B0:31:FB:AF,5,46,-75,1,12,17,-54
80:6F:B0:31:FB:AF,5,47,-75,1,12,-50,-14
80:6F:B0:31:FB:AF,5,48,-75,1,12,61,-39
80:6F:B0:31:FB:AF,5,49,-75,1,12,-24,49
80:6F:B0:31:FB:AF,5,50,-75,1,12,51,17
80:6F:B0:31:FB:AF,5,51,-75,1,12,-65,31
80:6F:B0:31:FB:AF,5,52,-75,1,12,28,-47
80:6F:B0:31:FB:AF,5,53,-75,1,12,-52,-19
80:6F:B0:31:FB:AF,5,54,-75,1,12,63,-33
80:6F:B0:31:FB:AF,5,55,-75,1,12,-29,46
80:6F:B0:31:FB:AF,5,56,-75,1,12,49,26
80:6F:B0:31:FB:AF,5,57,-75,1,12,-69,23
80:6F:B0:31:FB:AF,5,58,-75,1,12,29,-47
80:6F:B0:31:FB:AF,5,59,-75,1,12,-48,-25
80:6F:B0:31:FB:AF,5,60,-75,1,12,67,-27
80:6F:B0:31:FB:AF,5,61,-75,1,12,-39,42
80:6F:B0:31:FB:AF,5,62,-75,1,12,43,27
80:6F:B0:31:FB:AF,5,63,-75,1,12,-67,19
80:6F:B0:31:FB:AF,5,64,-75,1,12,32,-47
80:6F:B0:31:FB:AF,5,65,-75,1,12,-45,-31
80:6F:B0:31:FB:AF,5,66,-75,1,12,68,-22
80:6F:B0:31:FB:AF,5,67,-75,1,12,-33,45
80:6F:B0:31:FB:AF,5,68,-75,1,12,45,27
80:6F:B0:31:FB:AF,5,69,-75,1,12,-67,21
80:6F:B0:31:FB:AF,5,70,-75,1,12,41,-41
80:6F:B0:31:FB:AF,5,71,-75,1,12,-42,-35
80:6F:B0:31:FB:AF,5,72,-75,1,12,70,-8
80:6F:B0:31:FB:AF,5,73,-75,1,12,-42,38
80:6F:B0:31:FB:AF,5,74,-75,1,12,36,42
80:6F:B0:31:FB:AF,5,75,-75,1,12,-71,17
80:6F:B0:31:FB:AF,5,76,-75,1,12,45,-36
80:6F:B0:31:FB:AF,5,77,-75,1,12,-43,-34
80:6F:B0:31:FB:AF,5,78,-75,1,12,71,-6
80:6F:B0:31:FB:AF,5,79,-75,1,12,-43,34
80:6F:B0:31:FB:AF,5,80,-75,1,12,35,39
80:6F:B0:31:FB:AF,5,81,-75,1,12,-69,12
80:6F:B0:31:FB:AF,6,0,-78,1,30,-69,-8
80:6F:B0:31:FB:AF,6,1,-78,1,30,-32,76
80:6F:B0:31:FB:AF,6,2,-78,1,30,73,6
80:6F:B0:31:FB:AF,6,3,-78,1,30,34,-70
80:6F:B0:31:FB:AF,6,4,-78,1,30,-78,-30
80:6F:B0:31:FB:AF,6,5,-78,1,30,-15,70
80:6F:B0:31:FB:AF,6,6,-78,1,30,70,16
80:6F:B0:31:FB:AF,6,7,-78,1,30,23,-86
80:6F:B0:31:FB:AF,6,8,-78,1,30,-22,57
80:6F:B0:31:FB:AF,6,9,-78,1,30,-39,-102
80:6F:B0:31:FB:AF,6,10,-78,1,30,73,24
80:6F:B0:31:FB:AF,6,11,-78,1,30,2,-67
80:6F:B0:31:FB:AF,6,12,-78,1,30,71,87
80:6F:B0:31:FB:AF,6,13,-78,1,30,-75,-15
80:6F:B0:31:FB:AF,6,14,-78,1,30,-14,89
80:6F:B0:31:FB:AF,6,15,-78,1,30,-35,-87
80:6F:B0:31:FB:AF,6,16,-78,1,30,39,22
80:6F:B0:31:FB:AF,6,17,-78,1,30,4,-84
80:6F:B0:31:FB:AF,6,18,-78,1,30,64,62
80:6F:B0:31:FB:AF,6,19,-78,1,30,-77,-22
80:6F:B0:31:FB:AF,6,20,-78,1,30,1,85
80:6F:B0:31:FB:AF,6,21,-78,1,30,-56,-74
80:6F:B0:31:FB:AF,6,22,-78,1,30,74,18
80:6F:B0:31:FB:AF,6,23,-78,1,30,-33,-74
80:6F:B0:31:FB:AF,6,24,-78,1,30,85,81
80:6F:B0:31:FB:AF,6,25,-78,1,30,-50,1
80:6F:B0:31:FB:AF,6,26,-78,1,30,29,89
80:6F:B0:31:FB:AF,6,27,-78,1,30,-108,-74
80:6F:B0:31:FB:AF,6,28,-78,1,30,66,-11
80:6F:B0:31:FB:AF,6,29,-78,1,30,-46,-77
80:6F:B0:31:FB:AF,6,30,-78,1,30,92,63
80:6F:B0:31:FB:AF,6,31,-78,1,30,-73,12
80:6F:B0:31:FB:AF,6,32,-78,1,30,43,80
80:6F:B0:31:FB:AF,6,33,-78,1,30,-88,-31
80:6F:B0:31:FB:AF,6,34,-78,1,30,63,19
80:6F:B0:31:FB:AF,6,35,-78,1,30,-20,-62
80:6F:B0:31:FB:AF,6,36,-78,1,30,81,64
80:6F:B0:31:FB:AF,6,37,-78,1,30,-68,3
80:6F:B0:31:FB:AF,6,38,-78,1,30,41,59
80:6F:B0:31:FB:AF,6,39,-78,1,30,-88,-46
80:6F:B0:31:FB:AF,6,40,-78,1,30,75,-29
80:6F:B0:31:FB:AF,6,41,-78,1,30,-39,-66
80:6F:B0:31:FB:AF,6,42,-78,1,30,85,35
80:6F:B0:31:FB:AF,6,43,-78,1,30,-72,29
80:6F:B0:31:FB:AF,6,44,-78,1,30,52,50
80:6F:B0:31:FB:AF,6,45,-78,1,30,-118,-41
80:6F:B0:31:FB:AF,6,46,-78,1,30,47,-16
80:6F:B0:31:FB:AF,6,47,-78,1,30,-68,-50
80:6F:B0:31:FB:AF,6,48,-78,1,30,119,19
80:6F:B0:31:FB:AF,6,49,-78,1,30,-86,37
80:6F:B0:31:FB:AF,6,50,-78,1,30,57,40
80:6F:B0:31:FB:AF,6,51,-78,1,30,-92,-6
80:6F:B0:31:FB:AF,6,52,-78,1,30,47,-48
80:6F:B0:31:FB:AF,6,53,-78,1,30,-56,-64
80:6F:B0:31:FB:AF,6,54,-78,1,30,88,-19
80:6F:B0:31:FB:AF,6,55,-78,1,30,-72,31
80:6F:B0:31:FB:AF,6,56,-78,1,30,50,49
80:6F:B0:31:FB:AF,6,57,-78,1,30,-114,-4
80:6F:B0:31:FB:AF,6,58,-78,1,30,46,-41
80:6F:B0:31:FB:AF,6,59,-78,1,30,-87,-31
80:6F:B0:31:FB:AF,6,60,-78,1,30,121,10
80:6F:B0:31:FB:AF,6,61,-78,1,30,-52,66
80:6F:B0:31:FB:AF,6,62,-78,1,30,65,33
80:6F:B0:31:FB:AF,6,63,-78,1,30,-101,14
80:6F:B0:31:FB:AF,6,64,-78,1,30,50,-22
80:6F:B0:31:FB:AF,6,65,-78,1,30,-82,-39
80:6F:B0:31:FB:AF,6,66,-78,1,30,97,-1
80:6F:B0:31:FB:AF,6,67,-78,1,30,-53,72
80:6F:B0:31:FB:AF,6,68,-78,1,30,73,33
80:6F:B0:31:FB:AF,6,69,-78,1,30,-96,45
80:6F:B0:31:FB:AF,6,70,-78,1,30,32,-29
80:6F:B0:31:FB:AF,6,71,-78,1,30,-82,-20
80:6F:B0:31:FB:AF,6,72,-78,1,30,91,-62
80:6F:B0:31:FB:AF,6,73,-78,1,30,-26,54
80:6F:B0:31:FB:AF,6,74,-78,1,30,70,37
80:6F:B0:31:FB:AF,6,75,-78,1,30,-89,69
80:6F:B0:31:FB:AF,6,76,-78,1,30,24,-46
80:6F:B0:31:FB:AF,6,77,-78,1,30,-74,-22
80:6F:B0:31:FB:AF,6,78,-78,1,30,97,-77
80:6F:B0:31:FB:AF,6,79,-78,1,30,-55,75
80:6F:B0:31:FB:AF,6,80,-78,1,30,59,-5
80:6F:B0:31:FB:AF,6,81,-78,1,30,-99,53
